name,catch_copy,lead,description,works_url,movie_url,system_diagram_url
stuby,誰でも気楽に学習相談アプリ！,"異なる学校の人や、学年の人と学習を気軽に教え合える機会を提供するアプリです。
チャット機能やコミュニティ機能もついているので勉強を一緒にしたいと思える人たちと好きなだけ繋がることが出来ます。
","誰でも気楽に学習相談ができるアプリで、苦手な科目を克服したい人や、学びたい科目を同じ学生同士で教え合いたい、高め合いたい人に向けたアプリです。
ウリはお互いの苦手科目と得意科目が反対の人などが苦手な部分を補い合ってお互いに高めていけることです。
力を入れた部分はアプリのフロントエンドと自作のAPIです、できるだけユーザーが操作しやすいようにデザインしました。
ぜひ、一度目を通して欲しいです！！",,,
Foodera,流行してる料理や新しい料理の経験を簡単で探せるアプリ,食べ物の情報のみのSNS。余計な情報がないので迷うことなく、行きたい店や気になる店を探せるアプリ。,"私たち人間は、必ず食事をしなければなりませんが、食事の際に難しいのは、何を食べるかを選択することです！そのために、近所にどんな食べ物やお店があるのかがわかるように、近くの投稿機能をつけて、選ぶことができるようにしました。

インスタや食べログなどの他のアプリと比較すると、このアプリは、レストランや他のユーザーからの食べ物の投稿を簡単に見ることができ、気に入った投稿を見つけることができることに重点を置いています。また、気に入った投稿は、自分のライブラリに保存することができ、その投稿に登場する場所に行くことができます。",,,
まるはかり,調味料の残量を管理するIoT,自宅に保管している調味料や飲み物などの計測が可能な食品の残量を見える化し、買い忘れや消費期限切れによるフードロスを防止するサービス。,"調味料の買い忘れや消費期限切れに悩んだことはありませんか？「まるはかり」は、調味料の重量をIoTで計測し、見える化することで、これらの問題を解決します。

料理に取り組む家庭や調味料を買い忘れることで困っている方々、長期間使わずに調味料を無駄にしてしまう経験のある方々に最適なソリューションです。さらに、環境問題に関心はあるけれど行動に移せていない方々にもおすすめです。

「まるはかり」は、調味料の重量を計測し、ユーザーのスマートフォンに通知することで、買い忘れやフードロスを防止します。常に自宅の保管状況が把握できるため、必要な時に適切な量を購入し、調味料を無駄にすることなく効率的に使うことができます。

「まるはかり」を使って、買い忘れもフードロスもない快適な暮らしへの新たなステップを踏んでみませんか？",,,
ふぁむどっぐ,出会う。過ごす。暮らす。そして深まる。,人と保護動物が出会い。そして時間を共に過ごし。一緒に暮らす。そして絆が深まるマッチングアプリ。,"この作品は保護施設(保護動物)とペットを飼ってみたい人を巡り合わせるマッチングアプリです。
このアプリはある会社(架空)がしているサービスの１つで、他にはペット用品の販売・ペットサロンを経営しています。

ターゲットはペットを飼いたい人と里親を探している保護施設です。
まず施設側が保護動物の依頼フォームを作り、そのフォームを見て飼いたい人が応募する流れで、
強みはペットとの好感度が見れる機能。好感度の上がり方は施設側が出したミッションをクリアすると上がる仕組みで、全部クリアすると家族として迎え入れることができます。
他にもペット用品を購入できたり、ペットサロンの予約も行うことができます。

フォントや入力フォームは丸めのものにしており、丸くした理由は過去にいろんなことがあった保護動物を、里親や保護施設の人が優しく包み込んであげようという意味があります。

色はオレンジをベースにしており、家族の暖かさ・温もりを意味しています。",,,
Lend Me（レンドミー）,思い出の品で新たな思い出を、年代を越えて年中行事の発展を,押し入れに眠った思い出の品を年代を問わず貸し借りすることで、新たな思い出が生まれ今年中行事の発展に繋がる。,"季節行事のアイテムを使わなくなった人とレンタルしたい人のマッチングアプリ。
眠っている季節行事のアイテムを利益で産んだり出品できるサービス。

コンセプトは年中行事の発展

ターゲットは30代から40代の子持ち家族の年中行事のアイテムを持った人や年中行事のアイテムの処理に困った企業。

使用しなくなった行事道具の貸し借りサービスがウリ
力を入れた部分は、他のフリマアプリとの差別化とロゴのデザイン",,,
酒街,朝まで飲もう！ワクワクランダムマッチング,深夜営業をする居酒屋がリアルタイムでお客さんを募集して、お客さんがランダムに表示される店を選ぶサービス。選びきれない時のランダムガチャ機能も！,"深夜営業をする店と店を探すお客さんのマッチングサービスアプリ。
店側がリアルタイムで情報を掲載、客側は店の情報を見て、行く店を探せるサービスです。店はランダムに表示され、選びきれない場合ランダムガチャで店を選ぶこともできます。
サービスの強みは、スピード感や手軽さで1画面で店情報や雰囲気を確認できます。
他にも、単なる店の予約アプリでなくリアルタイムに混雑状況や店の状況が更新されるため、客側の「営業してる表示なのに閉店してた」「さっきは空いていたのに今きたら満席」などの不満の解消にも繋がります。
アプリデザインでは、深夜の落ち着き感や人が集まってくつろいで欲しい憩いの場に、という思い
を込めメインカラーに深い緑を使用しています。",,,
あにらぼ！,スキルを活かしてアニメを創り出すラボ、視聴者とコラボ。,アニメ業界の未来を発展させるマッチングアプリ。個人のスキルを活かして、一緒にアニメを制作するラボラトリー（研究室）、視聴者とコラボレーション。,"アニメ制作をしたい人が、マッチングするアプリです。ターゲットは、アニメ制作を仕事にしたい人です。アニメはイラスト制作やデザイン制作に比べ、多くのスキルが必要です。そこでアニメ制作をしたい人がマッチングをすることで、アニメを制作することができます。そうすることで個人のスキルや強みを活かすことができます。
また視聴者と制作者がマッチングすることで、制作者に視聴者が作品に対する感想を近い距離感で伝えることができます。
機能は、検索時にタグでフィルターをかけることで、制作中の作品や見たい作品を絞り込み検索ができます。視聴者が制作者に支援することで、視聴者がキャラクターとしてアニメに出演する等大手制作会社では行うことが難しいことでも可能です。",,,
Equal,LGBTQの方達と関心を持っている方気軽に相談し会える環境,LGBTQの人達同士が出会える確率を高くするために、利用者様の背中を後押し、最適な相談場所を提供します。LGBTQに該当しなく関心を持っている方とも相談できる場所を作り、互いに理解し合える環境づくりをします。アフターフォローも充実させ、定期的なフォローアップにより、サブスクリプションの契約を狙っていきます。,LGBTQの方達に寄り添ってサポートしていくサービスです。,,,
たんぽぽベーカリー,ずっと変わらないあたたかさを。〜SINCE 2003〜,"開店から20年、たんぽぽベーカリーがリニューアルします。
これからもずっと、できたてのおいしいパンをお届けするために・・・","「たんぽぽベーカリー」という夫婦で20年間営んでいる架空のパン屋さんのサイトです。
""お店のパンを愛してくれているお客さん"" や、""行ったことないという人"" に向けて作りました。
20年越しのリニューアルということで、ベージュをメインとした温かみのあるデザインにしました。ロゴもレトロかつ可愛いものになっています。
このサイトの強みは、お店のパンを食べてみたいという人のために、いちばん人気のカレーパンをはじめ、このお店で販売している商品の詳細を見ることができるところです。
力をいれた部分は「モーダルウィンドウ」の作成です。ぜひ、ご覧ください。",,,
たんぽぽベーカリー,懐かしさに、美味しいパンを寄せて。,２０周年を迎えたたんぽぽベーカリーから、リニューアルをする際に内装外装変更をすると同時にデザイン制作の依頼をいただいた。そこで、フライヤー、ポスター、映像制作をしました。,「２０周年」という節目にリニューアルされ、「少しレトロ」という依頼を受けました。そこで、レトロというものは何かを追求しつつ、今回の依頼にあったデザイン物を制作いたしました。動画に関して、「レトロ」という言葉ではどの年代なのかを意識することができないため、「５０代が営む」と書かれていたため、８０年代を想定した映像製作をいたしました。そこで、「静止画CM」ということに目をつけました。「レトロ」という言葉では言い表せない動画を制作いたしました。,,,
Inner peace,疲れをほぐしてゆったりと癒やされるカフェ,日々働いている女性たちの、身体や心の疲れをほぐしたり癒やしを感じられる居場所となれるように、温泉とマッサージも体験できるカフェを目指しました。,"温泉とマッサージとカフェが合体した施設で、環境の変化や日常生活に疲労や消耗を感じている20〜30代の女性をメインターゲットとしています。
　この施設の強みは、癒やしの選択肢が一つの施設にまとまっていて便利なところや、「今日はカフェだけ行きたい」「今日は温泉とマッサージへ行きたい」などと、その時のお客様が必要としている癒やしを自分で選べるところです。
　私が頑張ったポイントは、ターゲットの職業や状況や、そのターゲットが必要としていることを深く考えたことと、癒やしに関係するものはたくさんある中でどこまでをこのカフェに含むのかどうかを時間をかけて検討して決めたことだと思っています。",,,
エンジャーニー,企業と就活生を身近に、理想の企業へシームレスなマッチング,2D仮想空間内で企業の説明会や、アルバイトを受けることができる。また、就活生が困るエントリーシートの作成をopenAiを使用し、補助する。,"2d仮想空間でいつでも、どこからでもアクセスすることができ、アルバイトやインターン、企業説明会を受けることができる。
企業説明会を同一のプラットフォームで行うことによって、就活生は新規登録などのめんどくさい作業が不要になり、気軽に受けることができます。
インターンやアルバイトを早期に行うことで、就活生と企業と身近になり、双方のミスマッチを防ぐことができます。
また、就活生が困るエントリーシートの作成をopenAiを使用し、雛形や言い回しなどを補佐します。
private cloudでステートフルなリアルタイムサーバをHCIとk8sによる高可用性があるシステムを構築し、GOやReactなどモダンな言語やフレームワークを使用しwebアプリケーションを制作しました。",,,
grafae,デザイナーになれるカフェ,"「デザイナーになりたいけど私にはセンスがない」
そう言い今までデザインをしたことがない人へ
センスは経験で磨けます。私と一緒に夢を叶えませんか？","デザイナーになれるカフェをコンセプト、キャッチコピーとし作品の制作にあたりました。
grafaeは、「デザイナー」を目指している人、目指していた人におすすめのカフェです。
なにか強みがあるかと聞かれると私は「カフェに行ったら知識がつく」と言ったところがかなり強みになると思います。
力を入れた部分を言うとコンセプトがコンセプトなだけに私が持っているデザインの知識を最大限に活かし、大勢の方から「好き」と言われるデザインを作るために試行錯誤しました。
まだまだ未熟な知識ではありますが、同級生や大人の方からも言われる作品に纏まったので
駆け出しデザイナーを見守るといったことを考えブースに来ていただければ嬉しいです。",,,
「no-name」,現実から離れてリラックスできる会員制のカフェ,「no-name」は会員の方しか来れないカフェとなっており、自然に囲まれたカフェでスマホを手放し自分の時間を過ごすことができます,"現実から離れてリラックスできる隠れ家をコンセプトに作りました。ネット社会から離れて自然に囲まれながら息抜きできる場所があればいいなと思いこのコンセプトにしました。そのため入口で電子機器を預かり、店内ではコーヒーを飲みながらぼーっとしたり、本を読んだりなど店内ではネットから離れてゆっくりと自分の時間を過ごせるカフェにしました。隠れ家なので、たくさんの人よりも知っている人だけに来てもらえるように会員制にしました。
会員制という特別感を持たせれるようにWebサイトは会員の方と一般の方では見れる情報を分けるなど特に力を入れて作りました。フライヤーやWebサイトなどのフォントや背景色を同じものを使って全体的に統一感を持たせれるように意識して作りました。",,,
JOHN SMITH CAFE(ジョンスミスカフェ),言語で交流して領域を展開しよう,英語・日本語使い、世界を知り、新たな縁を作ろう。,このカフェでは外国人と日本人が交流でき、新たな縁を作れるという特徴があります。具体的なターゲットは日本語・英語を学びたい人、また、日本人・外国人の友達を作りたい人。その考えを踏まえ分かりやすくて落ち着くサイトを意識して作りました。このカフェのターゲット層は年齢制限がないので、誰でも気軽に来店できるようなデザインをイメージして作りました。また、外国人も理解しやすいデザインにしました。,,,
known-brand,ローカルブランドを世界へ,"日本に存在する洋服ブランドはローカルに埋もれてしまう傾向にある
そんなブランドを世界に発信することで、日本のブランドは世界に通用することを証明する"," ローカルでマイナーなブランドがコンセプトやLOOK画像（シーズンのコレクション（服）をモデルに着せて撮影し画像にしたもの）を投稿できるWEBサイト。目的として、ローカルでしか知られていないブランドを知るプラットフォームを作る。目標は、日本のマイナーブランドをアジアを中心に指名買いされ続ける未来を作る。ターゲットは、ファッションに興味のある人、服飾学生、アパレル店員、デザイナー、バイヤー。
アパレル店員やバイヤーにも見てもらえれば、ショップに置く機会を作れると考えている。コンセプトは、ブランドファースト。こだわった服を作ってブランドを立ち上げているので、シンプルなデザインにすることによって、ブランドのコンセプトを壊さないようにする。",,,
herstel(ハーステル),紅茶で子育ての疲れを軽減！紅茶定期便ハーステル,"日々の子育てで体力的なあるいは精神的な疲れを感じていませんか？herstelはそんな主婦の方に向けた紅茶定期便サービスです。
",herstelの特徴は主に３つあります。1つ目は定期便（サブスクリプション）制度で月額1700円という点です。送料無料で追加料金はありません。２つ目は全て国産という点です。全て国産の材料で紅茶を作っているため、品質高く美味しい紅茶をご提供できます。３つ目は悩みに合わせたセットという点です。子育ての悩みはありませんか？例えば、子どもに目が離せなくて睡眠不足、授乳中はカフェインを摂りすぎてはダメ、子どもが言うこと聞いてくれないことに対してイライラしやすくなってしまうなど。herstelはそんな子育てのお悩みに対して効果的な紅茶をあなたのもとへお届けします。初めて利用する方にどんな紅茶なのかを体験して欲しいため、最初の1ヶ月は500円で全種類入ったトライアルキットをお届けします。実店舗はなく、店の説明・商品の説明・会員登録・注文などは全てWebサイトで行うため、見やすく使いやすいサイトにしました。また、herstelを利用してリラックスして欲しいため、Webサイトやグラフィック物は色は緑やベージュ多めに、写真の角を丸く、字体はゴシック体にして、温かみを感じ落ち着くように仕上げました。,,,
E-report,Webアプリで報告書を作ろう！時短・簡単・便利！,内定報告書・就職活動報告書を報告するのが面倒だと思ったことありませんか？そもそも報告しに行ったことありますでしょうか？その課題私たちが解決します！,"E-reportは就職活動報告書と内定報告書をweb上で提出できるようにしたwebアプリケーションです。ターゲットは生徒とキャリアセンターの職員であり双方にメリットのあるサイトとなっています。
まず生徒側が報告書をweb上で作成できる上、過去の就活生の情報を閲覧することが出来ます。
キャリアセンター側は生徒側の就活状況を容易に把握することができ
ユーザーの作成や報告書の編集・削除を行う権限を持っています。
力を入れた部分はVue.jsというチーム全員が使ったことのない技術を
使い制作を行いました。",,,
UMAMI,馬とともに過ごす至福の時間、UMAMIカフェ,UMAMIカフェへようこそ。競馬の世界と一体となって、走り抜ける興奮を心ゆくまで堪能。蹄のリズムと旨みたっぷりで競馬愛を満たす特別な場所。,"初心者の方にも優しい競馬カフェで、競馬を楽しみながら学ぶことができる特別な場所です。 私たちのカフェは、競馬初心者や興味を持っている方に対して、親切で丁寧な情報とサポートを提供しています。

カフェ内では、さまざまな競馬関連のイベントやワークショップも開催しています。例えば、馬の解説や予想のコツを学ぶワークショップや、競馬の歴史や名についてのトークイベントなどもあります。は、競馬に興味を持つ人々が交流し、知識発掘の機会となっています。

初心者の方にとって、競馬は未知の世界かもしれません。 しかし、初めての方でも楽しみながら学べる場所です。 競馬の魅力を感じながら、馬とともに過ごす至福の時間を提供しますしています。",,,
Mix cafe,世界に一つだけの自分の珈琲,Mixcafeの魅力はお客様に一人でも多くに色々な味を楽しんでもらい、トッピングなど自由にアレンジ出来て個性やユーモアが溢れる珈琲を楽しんで頂きたいです!,この作品を作った時に、もし世界に一つでけの自分のオリジナルなブランド珈琲があったら他の店舗とは違う全く新しい珈琲店が出来ると思いました。お客様や店員さんの立場になって自分ならどんな風に店に行きたくなるか、どんな形で飲みたくなる珈琲を作るかで悩まれました。この店は自分だけのオリジナル珈琲店なんで、わざわざ値段をつけてカスタマイズ代を取るより値段をフリーすることによって今まで値段があって抵抗していたお客様が値段をフリーにすることによって誰でも気軽に試したくなるような気持ちが生まれ、まだ出会ったことない味を楽しめて様々な通りが生まれていくのがこの店の強みとウリだと思います！この店によってまだ出会ったことのない味に出会って欲しいと思います！,,,
こころい木,おじいちゃん・おばあちゃんと育てる小さな芽,小さな芽とは、アプリ内の機能である【木の育成】と、祖父母との関わり方や思いやりの気持ちを育むことで【子どもの心の成長】を表しています。,"「こころい木」は、祖父母との楽しい交流を通じて子供の成長を促すアプリです。その中でもメイン機能は【祖父母と行うクエスト】です。子供と祖父母が一緒に様々なクエストに挑戦し、家族の絆を深める楽しい要素が満載です。クエストをクリアするたびに、子供は素敵なご褒美を手に入れることができます。

さらに、【タイムライン機能】では子供の成長を共有し、投稿された写真をアナログのアルバムにして見返すことができます。また、祖父母が数日間ログインしていなかった場合、親御さんに通知が届くので、祖父母の安否を把握することができます。

家族の絆を大切にしながら、楽しみながら祖父母との交流を深め、子供の成長と思い出作りをサポートする「こころい木」をぜひご覧ください。当ブースで詳細をご案内いたします。",,,
FOOP(フープ),瞬間を刻んで、IRの魅力を共有しよう！思い出を語る、新たなIR-SNS！,IR専用SNSで感動の輪広がる。ショッピングモールのトレンド、一流ホテルの贅沢なサービス、カジノの勝利の瞬間。鮮やかな思い出が魅力を描き出し、未知の魅力への好奇心を刺激。IRの魅力を探求し、ワクワクする思いを広げよう。,"IR専用SNSで実際に行ってみた人の楽しい思い出や体験をみんなに伝えることが出来るサービスを考えました。

IRとはショッピング、宿泊施設、カジノなどをかね揃えた統合型のリゾートです。
ターゲットはIRに来場した人、興味がある人です。
現状、名前だけ知っていて中身を知らない人のIRのイメージが悪く、行きたくないと考える人が多いです。そんな現状を打破するべく考えたのがIR専用SNSです。

このサービスのウリは、みんなの体験や思いを繋げることが出来ることです。
繋がる機能で、ただ投稿するだけではなくお宝をGETするためにみんなが協力してゲームをクリアします。お宝はIRで使える物で、1回だけではなく2回3回とIRに出向いてもらうために、毎回少しでも楽しんで貰うためにこの機能を考えました。

興味を持たれた方はぜひ見に来て下さい！",,,
DPB,あなたのドッグライフを更に楽しませる投稿サイト。,ゲーム感覚で芸を覚えさせる事もできます。犬のアバターを作り実際に芸をする所を撮って送信すればアバターをレベルアップさせる事ができます。,写真投稿と育成ゲームを組み合わせたサイトで、Miiの様に簡単にパーツを選んでいって自分の犬のアバターを作れます。実際にフリスビーキャッチや輪潜りができている所を撮影して、動画を送信すれば、レベルアップに必要なポイントを溜まります。最大まで溜めるとレベルアップしてアバターを大きくしたり称号をもらう事ができます。決められたレベルまで上げると、ドッグフードや投稿写真がプリントされたTシャツ等がもらえます。投稿のいいねを稼ぐとアバターに使えるリボン、サングラス等の着せ替えアイテムがもらえます。アイテムはフォローしているユーザー同士で交換する事も可能です。また、犬が飼えない人もサブターゲットとしており、画面内で飼えるのは勿論、飼ってなくても参加できるイベントの案内通知を受け取る事ができます。,,,
湯にてぃ〜,スーパー銭湯好きの為のスーパー銭湯アプリ,各スーパー銭湯がアプリ展開しているがバラバラで不便  そういった問題を解決する為と他にも不便な点を改善したアプリ,昨今サウナブームなどにより流行になりつつあるスーパー銭湯 アプリ展開はしているが、各スーパー銭湯で一つ一つアプリがあってユーザーは不便  そういった問題を改善する為に各スーパー銭湯のアプリを1つにし混雑状況やポイントカード クーポン機能なども共通にしたアプリ   テーマである繰り返し使える点においてもスタンプラリー  ランキング制度を導入し銭湯好きならぜひインストールしたいアプリ,,,
Chamedpalecs　webサイト,今宵、あなたを魔法の館のお茶会にご招待します,今宵、貴方は魔女に選ばれし特別なお客様、そんな貴方に最高のおもてなしを。「Chamedpalecs」で、魔法の世界を存分にお楽しみください。,"ゴスロリコンセプトのカフェ「Chamedpalecs」へようこそ。ここでは、お客様に非現実的な空間を提供します。
このお店は、非現実的な世界観に入り込んでもらうという楽しみ方です。お客様に有料で衣装の貸し出しも行なっており、ゴスロリを始めたばかりの人でもお楽しみいただけます。
カフェの利用だけでなく小物雑貨なども売っていて買い物の利用だけも可能です。
メニューの一番のこだわりはアフタヌーンティーです。
完全予約制ですが、世界観に入りやすく心を奪われるような体験になるでしょう。",,,
Penny Porter　(ペニーポーター),100均の即日配達サービスで、時間を節約しませんか？,どうしても「忙しい」「しんどい」などの理由で、外に出れない日に100均即日サービスを利用し、欲しい100均商品を即日お届けします。,"このアプリは今すぐ100均の商品が欲しい！(洗剤など) だけど「しんどい」「忙しい」などの理由で買いに行けない時にこのサービスを利用してもらいます。このサービスの特徴は100均商品を即日配達し、100均の各店舗の商品を比べて購入する事ができ、足を運ばなくても購入できます。
繰り返しサービスを利用してもらうには、ライフハック技術を毎週配信します。
【運営】のライフハック術と【ユーザー】が自由に配信できるライフハック術の両方を掲載することで作成意欲を促し、購入に繋げます。

力を入れた点は、100均なのでどの世代でもフィットするように、シンプルで見やすいレイアウトを意識しました。",,,
まにまる,お金を食べて進化する！動物育成の貯金アプリ,"動物育成と貯金をかけあわせたアプリです。
お金(課金)でえさを買って、アプリ内の動物に食べさせてあげることで貯金ができて、大きくなっていきます。","貯金アプリに動物育成の要素を混ぜた育成貯金アプリです。
お金(課金)でえさを購入して、育成中の動物に食べさせることで成長していき、貯金ができるという内容です。アプリ内の動物たちはただ大きくなるだけではなく、食べたえさによって見た目が変化するという性質を持っています。最初に目標として貯める金額を設定するのですが、目標金額を達成するとクーポンがもらえたりアプリ内で使用できるアイテムがもらえます。さらに目標金額を達成した動物は自分だけの動物園をつくることができるので、コレクションすることができます。主に男子学生に向けたアプリで、若い世代の貯金を楽しく手助けします。",,,
SeeK,スポーツをしたい人がフォーム入力で簡単マッチング！,"操作簡単でスポーツをしたい人同士を繋げるこれまでにないマッチングアプリ！
ランク制度があり、スポーツするたびにランクが上がる！
","コロナも終息していき、みんなスポーツをするようになりましたが、スポーツをしたくても一緒にスポーツをする人がいない人のためにスポーツをしたい人同士をマッチングさせるアプリです。
ターゲットはスポーツをしたい20代大学生。
ランク制度が４段階ありスポーツをするたびにptがもらえ、ランクが上がっていく仕組みです。
アプリ内で施設予約が可能でランクによって施設代が安くなる仕様です！
配色は深い青と無彩色を使っていて、友好的な意味と統一感を出していて、フォントはシンプルなフォントで目立たせずにロゴだけが目立つようにしています！
写真を使わずアイコンだけで作っており見やすさアップ！",,,
illuStory（イラストーリー）,イラストの制作過程と物語性を様々な角度から楽しむ。,イラストができるまでの過程に物語性をもたせることで、メイキングを動画として公開することができます。それによりで画力以外にも表現方法が生まれます。,"静止画のイメージや、近年はSNSで一瞬しか見ない機会の多いイラストですが、物語性のあるイラストを描き、様々な角度から楽しんで頂き、イラストから新たな発見をするサービスです。
ターゲットは、イラストに新鮮さを感じたい方や、イラストや想像を画力以外でも表現したい方です。
機能は、描いた内容をクラウド上に記録し保存することができます。
関連動画をいいね数に関係なく、タグに関連した動画を表示することや、いいねの非表示表示を、純粋に作品を楽しむことができます。そうすることで投稿を始めた方でも、評価される機会があります。

このサービスを利用することによりクリエイティブなコンテンツが循環します。",,,
fashionable,今日のナンバーワンコーデを提案するサイト,自分の服を設定し、毎日のファッションが困らなくなるWebサイト,"自分が今持っている服の特徴を選択してそれに合う服を提案しするサイトです。
ターゲットはファッションに興味はあるが、色の組み合わせなどのファッションが苦手な若い層にしました。
他のファッションサイトにはない点の「提案する」という強みを活かして普段ファッションサイトを利用している層はもちろん、あまり利用していない層までが利用できるサイトになっています。",,,
daily me,オシャレする「毎日の自分」を共有しよう,"おしゃれに興味のあるあなたを見つけてもらえる場所、それがdailyme。
自分のコーデを投稿しファッションリーダーを目指せ。","ファッションに興味のある人が毎日の自分のコーデを投稿するスマホアプリ。
１日１回投稿しないと他の人の投稿が見ることができないが、投稿するとたくさんの系統のコーデやお気に入りの投稿にスタンプを押したり気になるユーザーをフォローすることもできる。
自分の投稿がたまっていくと、コーデのカラーを集計して自分のよく使う「MY COLOR」がどんどん更新されて自分のおしゃれ磨きにも繋がる。
連続投稿や継続投稿でポイントがたまって、連携する通販サイトで使えるお得なクーポンをもらえたり、投稿に集まったスタンプ数でランキング上位に入ると、ファッション雑誌の特集にお呼ばれされちゃうかも！",,,
DESC,コンペを体感して、デザイン力を向上させるサブスクアプリ,コンペで自分も参加できる＋プロのデザイナーのコンペ作品を閲覧でき、その作品は自分の教科書になり、流行りのデザインを勉強できます！,"コンペティションと各ミッションを通してデザインの勉強ができるPCアプリです。
メインターゲットは、デザイン関係の学生で、サブターゲットはプロのデザイナーです。
アプリのウリは、毎日更新されるコンペティションとデイリーミッションです。コンペティションが更新されることにより、プロのデザインを多く見ることができます。デイリーミッションは、完了するとカレンダー部分に色が付き、継続力を『見える化』してくれモチベーションアップに繋がります。
力を入れた部分は、アプリの画面デザインで2023年の流行りの『70s Retro Flat Design』と『The 3D Memphis Style』を掛け合わせ流行りのデザインにしました。",,,
すくすくREC,アルバムで思い出や健康を管理できる成長日記,アルバムを自由にカスタマイズ出来て、年齢だけでなく寝顔、散歩、運動会などカテゴリー別で分ける事ができ思い出をいつでも見返す事ができます。,子どもの成長や健康を思い出として記録に残せるアプリです。ターゲットは20代30代のご家族で、特にアルバムの機能が強みや力を入れた部分でお子さんとお出かけして写真を撮るだけじゃその時の出来事は記憶に残ると思うんですけど、日にちが経つにつれて思い出すのが難しいため記憶だけじゃなくアルバムを自由に作成することでより具体的に記録できて忘れた時でもアルバムを見ればいつでもお子さんとの思い出を見返す事ができます。健康管理はカレンダー機能で一括で出来るようになっていてお子さんの身長や体重やその日の簡単な出来事など、カレンダー機能にも親御さんが見て思い出せるように可視化できて見やすくわかりやすくなっています。,,,
Tanuki Cafe Online,繁忙な日常からひとときの癒しへ。至福のカフェタイムをお届けします！！,忙しい毎日を忘れ、優雅なカフェの世界へ。美味と温もりに包まれる贅沢なひとときをお楽しみください。メニューやイベントの詳細をお伝えいたします。,"私のカフェは、この忙しい世の中で可愛いとリラックスを求める人々に向けて特別な場所を提供しています。このお店では、至福のカフェ体験を追求し、美味しい飲み物や心地よい雰囲気の提供を目標としています。
グラフィックデザインは私の得意分野ではないので、グラフィック物を作るために多くの労力を費やしました。
ウェブサイトを作るにあたって、私は実際のカフェで使用されているウェブサイトを参考にしました。そして直感的なウェブサイトを作るために最善の努力を尽くしました。特に、ナビゲーションバーやフレックスボックスのデザインに多くの時間がかかりました。
私はエンジニアを目指しています。
このプロジェクトで、プログラミングのスキル向上だけではなく、グラフィックデザインのスキルも向上させることができ、私は沢山のことを学びました。",,,
Relax coffee,初めてでも安心。コーヒーの楽しみ方を学びましょう！,初心者でも安心。コーヒーの魅力や楽しみ方を丁寧にお伝えします。豆選びから淹れ方まで、一緒に１から学びましょう！,コーヒーを初めてみたい人やコーヒーの淹れ方に興味のある人をターゲットにした、実践的なコーヒー教室と販売を提供しています。お店に足を運んでいただき、一緒に淹れ方を楽しみながら学んでいただけます。さらに、コーヒー豆や機材の販売も行っており、お店の中で必要なものを揃えることができます。お客様は好みの豆や機材を選ぶことができるため、利便性と選択の自由があります。私たちのお店は、自宅でも本格的なコーヒー体験を楽しむことができるため、お客様にとって特別な場所となっています。,,,
Rider’s　attraction,バイク好きな人が集まり会話ができるカフェで楽しい時間を。,ツーリングの休憩スポットや目的地として来店して頂き、ライダー同士でお店の手作りのご飯などを飲食しながらバイクの話をして頂けます。,ツーリングの休憩地点や目的地として来店して頂け、ライダーをターゲットにしています。本店のウリはインターネットやバイク雑誌での宣伝など、ネットの得意・不得意に関係なく情報を集めて頂き、様々な年齢層の方が情報を得て来店して頂きやすいという点です。また男性ライダーが多い中、女性店長が営んでいる事や甘いメニューもご用意している事により女性ライダーもご来店して頂きやすいようにしました。工夫ポイントはライダー同士の会話についてです。一つ目はどの種類のバイクに乗っているかが分かるステッカーをご用意し、会話のきっかけになるものを作り会話を始めて頂きやすいようにしました。二つ目は専用のアプリで自分の興味のある会話項目などを選択して頂き、話したい方を見つけアプリで声をかけてからお互いが承認し、その場で合流して頂けるようにした事の二点です。,,,
猫の散歩道,猫と気ままに癒され生活 今日はどこへお散歩に行く？,"自分の好きな猫と遊んだりご飯をあげて仲良くなると、日本中の観光地を一緒に散歩して巡ることができ、旅行気分を味わえる
","猫と遊んで仲良くなり一緒に日本中を散歩することで、いろんな街の素敵な場所に出会えるサービス。
自由気ままに散歩をする猫達は、有名な観光スポットからあまり知られていない隠れスポットにも散歩しに行くことがあります。猫と一緒に新しい場所を見つけてお気に入りの場所ができるかも。忙しいスケジュールの中で旅行に行くことが難しい人にとっては旅行気分を味わうことができ、旅行によく行く人にとっては新しい旅先を見つけるのにも最適です。
ぜひあなただけのお気に入りスポットを猫と一緒に見つけてみては。",,,
ふらわーほーめ,「より良い休日を！」,"より良い休日を！お花に囲まれて贅沢な休日にしませんか？
お花の紅茶を楽しむために！ゆっくり読書を楽しむために！
さまざまな利用方法があります！
","お花をコンセプトにカフェを作りました。
このカフェはお花が好きな人にむけての部屋があり、沢山のお花に囲まれて過ごせる居心地のいい空間になっています。
お花を眺めながら食事や読書をすることで、心を癒しリラックスすることができます。
デザインで力を入れたところは、サイトのトップページのメインビジュアルです。
お花が飾られている家をイメージして作りました。
サイトを開いた時に見える家の中は、心の癒しを与える花々で囲まれた暖かい家の雰囲気を表しています。",,,
Dolores,18世紀のヨーロッパを21世紀に日本で楽しめるように。,忙しい日常の中で、普段は試してみない服を着て、お茶を飲んで、ゆったりとした自分自身を完全に楽しめる時間を持つことが時々難しい。,普通の日常で、ヨーロッパ旅行に来たような気持ちをしばらくでも楽しめるように、コンセプトに最大限に没入してご用意しました。 単にカフェでお茶を楽しむだけじゃなく、ドレス、靴、髪飾りなどをレンタルして写真を撮ることができるフォトゾーンを作りたいと思いました。デザイン物のほとんどを名画の絵を使って美術館のような感じも出したいと思いました。 使用したチケットは保管して思い出できるように主なデザインを左に配置したし、メニューパネルも現代的な感じを排除するために紙のテクスチャの背景を使いました。,,,
Ride On Cafe,最高の食事を、最高の愛車と共に,全てのバイクが好きな人のためのこれまでにない斬新なカフェ。ドライブインシアターからインスピレーションを得ました。,世の中に多く存在するライダーズカフェとは一風変わったライダーズカフェをイメージして制作しました。「愛車にずっと乗っていたい」「もっと多くの人に自分の愛車を見て欲しい」、多くのライダーが持つ願いを叶えられるカフェになるよう工夫しました。どのようなカフェにすればライダーに喜ばれるのか、同じライダーとして考え制作したので、ライダーに喜ばれるような要素を多く取り込んだカフェになっているかと思います。,,,
サウナカフェ「サウナタウコ」,北欧のサウナ文化、コーヒー文化をコラボレーション。,サウナで整った体のまま、カフェでゆったりリラックス。カフェスペースでは、サウナ好き同士の社交の場として開放的な空間を提供します。,"このカフェは現代社会を生きるサラリーマンをターゲットとし、疲れを癒すとともに、サウナが好きな人と人とを繋ぐ交流の場を提供します。
一つの建物内で、シームレスにサウナからカフェへ移行できることにより、サウナ後の倦怠感をゆったりとカフェスぺースでやわらげ、リラックスすることできます。サウナとカフェの要素だけでなく、交流の場とすることで、そこにコミュニティを形成し、また2回目も行きたいと思ってもらえることを狙っています。",,,
高校野球カフェ『18.44』,根っからの野球好き、野球バカが集まるお店,"高校野球の魅力が溢れる、空間へようこそ！
高校野球カフェ『18.44』で明るいプレーと感動の瞬間を味わいながら、みんなと一緒に盛り上がりませんか？
ここにしかない高校野球の楽しみを感じてみてください！","高校野球カフェ『18.44』は高校野球の魅力と感動をテーマにした、独自のコンセプトを持つカフェです。まず店内には、壁一面に全国の強豪校から古豪まで多数のユニホームが飾られております。そしてそのユニホームの全てが着用可能になっており、憧れの高校の一員になる事ができます。
他にも有名選手のサインボールなどが飾られております。メニューにも独自のアイデアが凝らされています。例えば「ホームランシェイク」と言う名の特製スムージーがあり、フレッシュなフルーツとエネルギーを補給できる一杯となっています。さらにカフェ内では定期的にイベントが開催されており、そこで野球好きの方たちと親交を深めることも可能です。そしてこのカフェでは地域の寮生がいる高校と食事提携を行っています。
食事の面から地域の高校をサポートする活動も行っています。タイミングが良ければ有名な選手に会えるかも？『18.44』は高校野球ファンにとって仲間とともに盛り上がり素晴らしい時間を過ごせる場所になっています。ぜひ一度高校野球カフェ『18.44』を訪れてみてください。",,,
スターリンク,行きやすいから行きたくなる店になります。,この店を来てくれるお客様に最大な満足を与えます。,静かにやりたいことをやりながら過ごしたい、学生向き、宇宙についての教育とかを共有するサイトです。,,,
Hobby Links,「好き」をシェアしよう!,好きなことや趣味、マニアックで近くの人で共有できないようなことを誰かと共有して、プライベートを充実させましょう。,同じ趣味興味や趣味を持つ人々のための、対面およびオンラインの活動、イベントを主催および組織するためのプラットフォームです。対面およびオンラインの活動やイベントを主催し、参加者同士の交流をサポートします。興味の合う仲間との出会いや情報共有、新たな体験の発見を促進します。ユーザーフレンドリーなインターフェースと高度なマッチングシステムにより、最適なイベントや活動に参加できます。趣味を通じたつながりを深め、豊かな人生を楽しみましょう。趣味コネクトで新たな世界が広がります！趣味、イベントとも書いてありますが、組織的な考え方も可能で、部署というグループでプロジェクトというイベントを作成し共有、参加、人員の収集などすることもできる。,,,
Hydro Mate,海と財布と学生の味方！！,近年、ペットボトルのポイ捨ての影響で海に流れてマイクロプラスチックになるという問題があります。この問題を解決する為にマイボトルに目をつけました。マイボトルを使用した自販機を作ることによりペットボトルの消費量が減少すると考えました。また料金を学費に加えることにより使えば使うほど安くなり財布に優しいです。,"私たちは、【マイボトルの利用者を増やしペットボトルの消費量削減をする】をテーマに学生向きのHaidari mateというウォーターサーバを作成しました。
使用方法は、あらかじめ学生に契約をしてもらい学生書のNFCのIDをデータベースに登録する。登録されたNFCをカードリーダーにかざすとデータベースを参照し、Haidari mateが使用できるようになります。マイボトルをセットしサイズに合わせたボタンを押すと給水が開始されます。
特に力を入れたのは組み込み系の技術です。今回始めて組み込み系に挑戦しました。ボタン押すと水を吸い上げる処理や骨組みや塗装を一からやりました。",,,
万能掲示板,解決を手に、一人暮らしの困りごとを共有しよう,一人暮らしの困りごとを解決するための便利なプラットフォーム。手に負えない時や高額な業者に頼む前に、信頼できるユーザーが助けに来ます。,"「一人暮らしをサポートする新しいソリューションが登場！」

私たちは、一人暮らしをしている方々のさまざまな課題を解決するために、画期的なITソリューションを提供しています。友達や身近な人の助けがない時や、どうしても自分ひとりでは難しいことがある時に頼れる存在となることを目指しています。

当サービスでは、ユーザーが抱える問題や依頼事項を値段を設定して掲載し、対応できる人材がそれに応じて依頼を受ける仕組みを構築しています。一人暮らしの方々は、掲載されている依頼内容を閲覧し、必要なサービスを選択することができます。依頼が解決された際には、双方合意のもと報酬を支払うことができます。

私たちのサービスの強みは、一人暮らしの方々が抱える問題にスムーズかつ迅速に対応できる点です。また、コスト面でも業者に依頼するよりも手頃な価格で解決策を提供することができます。

一人暮らしをしている方々にとって、私たちのソリューションは頼もしいパートナーとなることでしょう。ぜひ、私たちのブースへお越しください。一人暮らしをもっと快適に、安心して過ごせる新しいサービスをご紹介いたします！",,,
Fresh Deli (フレッシュ デリー),罪悪感を感じずに、ヘルシーなデザートをあなたへ,不安を無くすショッピング体験を目標にしたECサイトで、日本全国のデザート専門店から取り扱っている様々な低カロリーのデザートを提供できます。,Fresh Deliは日本全国のデザート専門店から健康的なデザートを取り扱っているECサイトです。不安や罪悪感を無くして、安心で楽しくショッピング体験を目標にしています。ダイエット中の方、アレルギーを持っている方、デザートが好きでもっと楽しみたい方をターゲットとして健康的なデザートの魅力を伝え、様々な種類や期間限定の商品などを販売しています。当サイトはヘルシーなデザートを販売しているだけではなく、健康のサポートとしてダイエット計画システムという機能があります。お客さんが簡単に目標を立て、その目標を達成したら無料で好きなデザートを一個選べます。好きなデザートを安く手軽に購入できるタイムセールというイベントもあります。,,,
私の！ぐんぐん日記,敬遠、断念せずに菜園を楽しもう,"菜園に対してしてみたいという意欲的な声もあるが様々な問題から断念してしまう人も多い。
その問題をこちらで解決、楽しみながら菜園をしてもらう作品を制作しました。","菜園を続けてもらえるよう、続けてもらうための機能3つに力に入れました。
1つ目の水やりと日記は、それぞれをした後にアドバイスや同じものを作っている人の表示をします。育てきると種が送られてきます。2つ目のお出かけは、様々な人と交流することが出来ます。3つ目のキャンペーンは、定期的に開催し、いくつかの賞と景品があります。
繰り返してもらうかたちとしては、
野菜を育てる→キャンペーンに応募、日記を書いたり投稿したりする→賞をとってみたい、誰か見てくれていないかな？プレゼントがほしい！→種や景品が送られてくる→また育ててみたい
という流れをイメージしています。
ターゲットは菜園をしたくてもできない人、続かない人、初心者の人です。",,,
Tree House Coffee,自由な大自然で、自分だけの特別な一杯を楽しもう,大自然に囲まれた開放的な環境で、心地よい風や鳥のさえずりを聞きながら、自分自身でゆっくりとコーヒーを淹れる贅沢な体験ができます。,当店は、キャンプ場に設けられた特別なコーヒーショップです。自然に囲まれた開放的な環境で、心地よい風や鳥のさえずりを聞きながら、自分自身でコーヒーを淹れる贅沢な体験ができます。コーヒー豆は、世界各地から厳選した高品質な豆を用意しています。お客様は自分の好みに合わせて、豆を選び、挽き方や抽出方法を選んでコーヒーを淹れることができます。専用の淹れ方ガイドやスタッフのアドバイスを受けながら、自分だけのオリジナルなコーヒーを作り上げましょう。「自由な大自然で、自分だけの特別な一杯を楽しもう」というコンセプトのもと、当店ではお客様に自由な発想と創造力を刺激するコーヒー体験を提供しています。あなたのキャンプ場での思い出に、特別なコーヒーモーメントを加えましょう。,,,
肉球,個室で１人でも行きやすい！,"当店舗では一人で行きたいけど人の目が気になって
行けない人や、もっと近くで猫と触れ合いたい人な
どの人におすすめです！！
","
個室の猫カフェは、一部の猫カフェで提供されている特別なスタイルのサービスです。 通常の猫カフェでは、複数の人が猫たちと一緒に過ごせることができますが、個室の猫カフェでは、専用の個室で猫たちとプライベートな時間を過ごすことができます。
さらに個室の猫カフェでは、Wi-Fiや電源などの基本的な設備が整っていますので、仕事をするために必要な環境を提供してくれるのでリラックスした環境で集中力を高めることができます。
アレルギーで行きたいのに行けない人にはリモートでの視聴が可能です！
ただし、個室の猫カフェでの仕事にはいくつかの注意点があります。 まず、猫たちの生き物であり、突然の行動や予測不可能な行動をすることが起こります。中でも、猫たちに気を配る必要があるかもしれません。
また、個室の猫カフェは一般的に時間制限がある場合があるので、事前に予約をすることが必要です。 また、慌てている場合には利用できないこともあるため、事前に確認すること重要です。
個室の猫カフェとリモート両方でねこちゃんたちと戯れましょう！！！！",,,
cookbuddy,キャラクターと一緒に食生活を改善！節約も叶う、料理アプリ,食生活が偏ってしまう、節約がしたいでも料理ができない、という人に向けて、キャラクターを育成しながら料理を学べて、改善も節約もできる料理アプリ。,"このアプリはキャラクターとヘルスがリンクしており、料理をすればその料理の栄養バランスがヘルスに反映されます。食事が偏ったり食事を取らなかったらキャラクターの具合も悪くなり、自分の食生活が目に見えてわかるため、食生活改善の意欲が向上します。その他に、キャラクターのことが知れる漫画やアイテムを料理報酬につけ、愛着が湧くようにすることでさらにキャラクターを大切にしてもらい自分の健康状態の維持に繋げます。
繰り返しを促す機能は、キャラクターの健康状態と季節の旬の料理を通知で定期的に発信することで促します。
このアプリは他のサービスと比べてゲーム感覚で楽しく料理ができるのがウリです。",,,
レトロゲームカフェ,レトロゲームがたくさんがあって遊びまくれるカフェ,"レトロゲームカフェでいろんな人に遊んでもらって楽しむカフェです。
みんなで遊んでコミュニケーションを楽しめる空間です。","レトロゲームカフェでは、たくさん機械があって、ファミコン、スーパーファミコン、セガメガドライブ、ニンテンドー64など、多くのホームゲーム機が揃っており、各機種ごとに様々なゲームをプレイすることができます。昔懐かしいタイトルから隠れた名作まで、幅広い選択肢があります。
レトロゲーム個室を利用すれば、他のお客様との干渉を気にせず、自分たちだけの楽しい時間を過ごすことができます。ぜひ、当店のレトロゲーム個室を利用して、懐かしいゲームの世界に浸りながら、思い出に残る体験をしてください。",,,
Monstera (Coffee&Drinks),自然からの無限のクリエイティブなインスピレーション,Monstera - ヘルシーな飲み物や美味しいケーキをたべながら自然に浸ることができて、勉強や仕事をするのに理想的なスペース,"勉強、仕事、創作のための緑のスペースが必要ですか? 何時間も勉強したり、一生懸命働いた後に友達と集まるのに理想的な場所が必要ですか? モンステラに来て、ヘルシーなドリンクとおいしいケーキを飲みながら自然に浸り、ストレスと疲労を和らげてください。

一般のお客様向けに、心の奥底から創造性を刺激する、新鮮な雰囲気の緑地空間を自信を持ってご提供いたします。 モンステラでは、それをお手伝いするためのさまざまなスペースをご用意しています。ペンやホワイトボードなどのツールの貸し出しも行っており、小さなことからでも便利にご利用いただけます。",,,
ねこ探偵局,猫好き大集合！猫の魅力を大捜索！ねこ探偵局,関西を中心に猫カフェ・野良猫スポットを探索し、ブログやSNSで発信する【猫好きの猫好きによる猫好きのためのメディア】です。,"私たちのメディアは猫の魅力を皆さんにお伝えするべく、ブログ・Instagram・Twitter・TikTokで猫に関する情報を発信しています！1年間でSNS総フォロワー数3500人以上を目標に投稿を頑張っています。
実際に保護猫カフェや野良猫スポットに訪れて発信することで猫好きの方のお出かけの参考や癒しになれるようなメディアを目指しています。
情報発信だけでなく、ねこ探偵局のイメージキャラクター「しゃしゃき」をモチーフにしたグッズの販売や店頭に置いていただけるような、ポスターやステッカーの作成にも力を入れて取り組んでいます。
猫が好きな方は限定のステッカーをお配りしているので是非当ブースへ足を運んでみてください！",,,
New Type,ニュースに鮮度を、タイピングに精度を。,"タイピングの問題はニュースで登場するキーワード。
60秒以内にできるだけたくさんの問題を解答し、ランキング機能で
他プレイヤーとスコアを競い合おう！","ターゲット：タイピング能力の低い20代の新社会人

ジャンル：タイピングゲーム


問題としてその日のニュースキーワードが出題されます。これによりタイピングの練習とニュースの吸収を同時にこなすことが可能です。

各レベルごとにキーワードの長さが違う3つのレベルを用意しており自分に合った難易度に挑戦することができます。

力を入れた部分は、データベースに保存するためのニュースを制限する作業です。

基本的にニュースのタイトルは長いものが多いため、ひらがな化やNewsAPIから取得し、spliceを用いた正規表現によって文字の長さを変えるというフローを考える点で苦労しました。",,,
AniSup,日本のアニメ産業を支えよう！あなたの支援が未来に繋がる,アニメーターがいなければアニメも生まれない。ユーザーに寄り添ったUIでアニメーターの欲しい物を購入したり、会社を直接支援しよう。,このサイトは日本のアニメ業界を支援したいという気持ちで作っています。現在日本のアニメ産業は素晴らしいものとなっていますがアニメを作るアニメーターの労働環境や賃金などが問題になっています。そこで我々視聴者が直接支援して日本のアニメ産業を支えようと思い、制作に至りました。基本的な機能として支援を希望するアニメーターにはほしい物リストの提示や銀行振り込みで金銭的な支援を受け取る事ができるようになっています。また、コメント機能も実装しておりアニメーターに直接応援のコメントを送れるようになっています。,,,
 JOHN SMITH CAFE,言語で無限の可能性を見つけよう。,"言語は人の可能性を発見する武器である。このカフェでは外国人と日本人と交流できる場所です。英語・日本語使い、世界を知り、新たな縁を作ろう。
","このカフェでは「ROUNDTABLE」というイベントがあり、日本人と外国人が会え、交流でき、新しい縁を作れるという特徴がある。イベントの目標は外国人と日本人は英語・日本語が学べる。また国際・国内の友達も作れる。話すテーマは店からはもう準備したが他のこと話しても大丈夫。このイベントターゲットは英語が全くできない人も大丈夫.

このサイトを作る時、意識したことは分かりやすさである。誰に向けるやイベントの流れについてがサイトを見た瞬間分かるように作りました。例えば外国人のターゲットもいるので分かりやすいため、英語の説明や分かりやすい画像を追加しました。",,,
ひややっ庫,冷蔵庫の食べ物捨ててない？ 冷蔵庫の中身を写真で管理するスマホアプリ,"冷蔵庫の中身を管理しきれず必要以上に食材を買ってしまい
廃棄してしまう。もったいないですよね。
このアプリを使えば冷蔵庫の食材を残さず消費できます！","あなたは日本のフードロス問題を知っていますか？今日本では年間523万トン、
毎日10tトラック約1,433台分の食品を廃棄しています。そのうち家庭からは約半分もの食品が賞味期限切れや、食べ残しなどで捨てられているのです。
そこで私たちは、家にあるのに買ってしまう、
いつの間にか消費期限が切れて捨ててしまうなどで困っている方のために家庭の食品ロスをすくなするためのアプリ「ひややっ庫」というアプリを作りました。
このアプリを使うことでそのような問題とはおさらばです！！また食品ロスを減らせれば余計な出費を減らすことができます！！
使い方は簡単で買ってきた商品の写真を撮り、消費・賞味期限を入力するだけ！！",,,
スマーホレジ,スムーズな会計で、安価に人手不足と待機時間の解消を・・・,スーパーなどで、お客様のスマホで商品を登録し、キャッシュレスならそのままお支払い。商品をレジに通す必要がないため、スムーズな取引ができます,"この作品は、混雑のしやすいスーパーやコンビニなどの小売店、または少量の買い物をする消費者て制作しました。

最近流行りのセルフレジは導入費用が高く、人によっては時間がかかります。
なので、消費者を手に取った時点で商品を登録してもらうことで、商品をレジで通す手間を短縮、キャッシュレスでお支払いするのであれば、スマホ1つで完結することも可能です。
そして、小売店の導入コストも、規模に合わせたサービス利用料のみ、そして既存のシステムと共存できるよう考えています。",,,
熱中症対策アプリ,命を見守り、導く,ユーザーの現在地を取得して、熱中症リスクを算出してお知らせします！熱中症は気づかないうちになっているものだからこそ、数値という客観的なデータをもとにしてリアルタイムでリスクを計算して通知することで、ユーザーの健康と安全をサポートします！,　本作はアンドロイドアプリで、常に身に着けているスマホ向けに制作したことで、ユーザーがどこにいてもリアルタイムでその健康と安全をサポートすることができます。ターゲットとなるのはかなり広い客層ですが、主に炎天下での作業が求められるブルーカラー労働者の方々が使用されることを強く意識しております。リアルタイムで現在地を取得し、APIをもとにして外気温を取得、熱中症リスクを計算して通知し、リスクが致命的になれば、自動的に現在地近くの病院を検索して表示することで、危険が迫った時にすぐに救命が行えるように手はずを整えました。,,,
Akind,いらない服を再利用！？,"着なくなった服を貸し出したり、出品することで服を再利用しよう！
","ターゲット：20代～30代の女性（若め）
システム：使わなくなった服を個人や、店舗で出品できるフリマアプリ
機能：出品、検索、商品管理",,,
タンポポベーカリー,日々、愛される手作りパン,みなさまに、愛されるようなパンを食べていただきたい。そんな思いで作り続けて、創業から２０年を迎えました。,"タンポポベーカリーの、サイトの目的は、パンの焼き時間を掲載して、お客様が求めているパンを売っている時間に来店しやすくする。
50歳の夫婦の経営になると、お客様の変化しやすい対応、例えばお客様都合になるような、オーダーメイドなどの余裕がなくなるのを避けることができるようになると考えました。

そして、20年にわたり、地域の繋がりが深いことで、地元の子ども食堂との連携が取りやすいと思い、寄付金でチケットに変換して、寄付を受ける側に無料のパンを提供する代わりに、
寄付を利用する側は手紙を一言だけでも書くという、寄付をする側と気持ちを交換することで、
寄付をする側には、実感とお金が目的通り使われたことと、受ける側は手紙を一言書くことで、受け取れると食に関して豊かに慣れると思います。",,,
ZUNNET,最小の時間で最大の効果を,授業の課題やアルバイトで忙しいECCコンピュータ専門学校の学生に、最小の時間で最大の効果をもたらす学習の補助ができる作品にするため本キャッチコピーを考えました。,ゲーム形式でネットワーク用語の意味を理解して頂くための学習ツールです。ゲームジャンルは2DでRPGとノベルの融合ゲームです。ターゲットはネットワーク演習を学習する、CCNA受験するECCコンピュータ専門学校の学生です。,,,
勝手に家計簿,これさえ使えば簡単に家計簿がつけれます！,レシート情報があるQRコードを読み込めばレシートを簡単に管理でき、自動で家計簿をつけてくれる、たくさん人の味方になるアプリです。,"このアプリは若い人からお年寄りまでにむけたアプリです。このアプリはカメラでQRコードを読み込むだけで簡単にレシートを管理でき、自動で家計簿につけてくれます。
内部データベースを作ることによって個人それぞれで別の家計簿が作れます。
このアプリが広まることによってレシート削減にもつながりSDGsにも貢献できます。利益などの点に関したら例をいうと一店舗でレシートが0になると年に約10万円程度浮きます。このアプリのために必要なQRコードを提供します。レシート代が浮くので1割程度もらいます。それだけでもたくさんの利益が出ます。",,,
pilgerfahrt,フィクションを超えて、リアルに。あなたの好きな物語の世界へ一歩踏み入れてみませんか？,作品の舞台を実際に体験し、物語に深く浸かる。この一歩が、あなたのファン生活を新たな次元へ導きます。,"アニメやドラマの聖地巡礼アプリは、物語の舞台となるリアルな場所を巡るための究極のガイドです。あなたが愛する作品の世界をより深く理解し、感じるために、我々は物語の背景となる場所を詳しく紹介します。

このアプリは、アニメやドラマのファン、旅行愛好家、そして物語と現実の間を行き来したい全ての人々に向けて開発されました。作品に関連する地域の詳細な情報、訪れるべきスポット、そこでのエピソードなどを手軽に提供します。

私たちのウリは、リッチなコンテンツと直感的なユーザーインターフェースです。あなたが探している情報をすぐに見つけることができ、一方で新しい発見も期待できます。また、我々は地元のコミュニティとも密接に連携して、より生き生きとした体験を提供します。

このアプリであなたのファン生活を一歩先へ進めてみませんか？物語の世界と現実が交差する場所で、新しい発見と感動を待っています。",,,
pilgerfahrt,フィクションを超えて物語の世界へ一歩踏み入れてみませんか,作品の舞台を実際に体験し、物語に深く浸かる。この一歩が、あなたのファン生活を新たな次元へ導きます。最高の聖地巡礼を体験しましょう。,pilgerfahrtは、あなたの愛するアニメやドラマの物語を実地に探索するための最高のガイド。物語の背景にある現実の場所を深く理解し、感じる旅へと導きます。ファン、旅行好き、物語と現実を行き来したい全ての人々へ、詳細な地域情報や訪問スポット、エピソードを提供します。私たちの特長は豊かなコンテンツと直感的なインターフェース。必要な情報は手元にすぐ、新たな発見も待っています。地元コミュニティと連携し、鮮やかな体験を提供します。,,,
S-D2,病院に行くべきか悩む気になる皮膚病を簡単診断,"皮膚が若干荒れて気になっているが、病院に行く時間が無かったり
そもそも行くのが面倒だと思ったときに気軽に簡単に皮膚病の診断を行えます。","肌に悩む方に登録不要で簡単に皮膚診断が行えるWebサイトです。
AIでの画像診断を用いて肌画像から、診断し結果を表示します。
結果をもとに可能性のある皮膚病を上位３つ表示します。
AIを活用することで素早く診断が行え、検証データが多いほどより正確に診断ができます。
病院に行くべきかどうかを迷われている人へ判断材料を増やし、判断をしやすくします。
市販薬でのケアを望まれる人向けにそれぞれの皮膚病に効く市販薬を検索できます。",,,
Breet,あなたがいない家でペットがどうしてるか知っていますか？,"Breetは、ペットを飼っていて外出が多い人に向けたアプリです。
外出先からスマホ1つでペットの健康状態が確認でき、空調管理や餌やりをスマホから行えます。","チームCはWoTで社会問題の解決をしたいという目標に向けて制作に取り組みました。
私達が取り組んだ社会問題は外出中のペットの健康です。
コロナ禍でペットを飼い始めた人が、今では外出自粛も終わりペットを家に残して出社しているという現状があり、何かあった時に対応できない問題があります。
その問題を解決するのがBreetです。
Breetはペットの健康状態を外出先で確認できて空調管理や餌やりをスマホから行えます。
特に力を入れたところは餌やり機とwebアプリの連動です。餌やり機からデータを取得し、スマホから操作することができます。",,,
GPT-boys,GPTを超えるために挑戦を続ける、それが我々GPT-boys。,GPT-boysはAIとともに学び、成長し続けます。私たちと一緒に、この進化するAIの世界を楽しみ、新しい未来を見つけましょう。,"「GPT-boysとは、chat-GPTに興味を持つ者たちが集まり結成したグループです。我々の目標は、この進化するAIの領域を共に学び、理解し、成長していくことです。チームメンバーはそれぞれの専門分野を活かし、Youtube、ブログ、TikTokなどのプラットフォームを使い、AIの可能性を探求し、その進歩を広く共有します。GPT-boysは、未知の可能性を探し続けるあなたを歓迎します。一緒に新たな未来を見つけましょう。あなたがAIに興味があるなら、私たちはあなたと一緒に学ぶのを楽しみにしています。新たな挑戦、その名もGPT-boys、未来への一歩を一緒に踏み出しましょう。」

上記の内容を全てchat-GPTに考えてもらいました。",,,
アラ得！！,エコロジーな値引きアタック！おトクな瞬間をお知らせ！,スーパーでお買い物をするそこのあなた、スマホを買い物のツールとして使ってみませんか？連絡ツールのlineを使ってお買い物の手助けしちゃいます！,"LIFF (LINE Front-end Framework)を使用した、値引き通知アプリケーションを開発しました。
その場に居ないユーザーに値引きした商品の情報を知ってもらうことを、全てline上に値引き情報が記載されたwebページを表示します。
また、店舗側も値引き情報を管理画面で変更できるので、ユーザーだけでなく店舗責任者向けのアプリとなっています。
このアプリは、連絡ツールとしてシェアが高いlineのみでアプリの動作が完了するため、利用しやすいシステムとなっています。",,,
NotiG,NotiGで買い物上手に 位置情報と通知を使った買い忘れ防止アプリ,買いたい商品を扱っているお店が近くにあると通知してくれます。商品を安く扱っているお店や、距離が近いお店を表示することができます。,今回私たちサイバー忍者は、「NotiG」というアプリを作りました！NotiGはメモを見ずに 位置情報と通知を使い買い忘れを防止するアプリであり、買い物をよくする人、物忘れが多い人をターゲットに作りました。NotiGの使い方は、まず自分の買いたい商品をタスクとして登録します。データベースにはあらかじめお店の情報を入れているので、登録した商品を扱っているお店が近くにあると通知し、買い忘れを防止することができます。また、お店ごとに商品の値段を比較したり、距離が近いお店を表示することができます。開発の際に特に力を入れたのは、位置情報と通知の連動です。アプリのバックグラウンドで位置情報を取得するのが大変でした。,,,
Telun,ボランティア参加にWの安心を！,"既存のボランティアではただボランティアに参加して終わってしまう。
しかし、Telunではボランティアに参加すると運営側からポイントを与えられる。（ポイントは参加したボランティアの頑張りによって評価される）こうすることで運営側は参加者に仕事を安心して任せられる。
参加者はモチベーションが向上するだけでなく、安心してボランティアに参加できる。
","Telunは主に学生向けに作ったサイトです。
ボランティア活動に関心・興味を持ったことがあるが具体的に行ったことがない人が約46%もいるという状況に加えて、ボランティアの参加の仕方がわからないと答えた20代は男女ともに30%を超えている。
若い世代が興味を引くポイントという少しゲームチックな要素を加えることでボランティア参加の意欲を高めます。
運営側が参加者がどういう人かわからないという問題もポイントの高さによってひょうかできるため安心してボランティアを任せられる",,,
フレッシュアイ,よりよい食品を代わりに見分けてくれるAI,食品の新たな未来を切り拓くAI食品管理アプリ。鮮度判定と安全な消費をサポートし、美味しさと栄養価を最大限に引き出す。,当サービスは、消費期限や賞味期限を超えた食品でも安全に食べられる期限を算出し、食中毒の予防に貢献します。においセンサーやAIによる画像判定を駆使し、食品の鮮度を正確に検知します。スマホで撮影した写真とセンサーデータを組み合わせ、数段階の評価基準で鮮度を表示します。また、食品の管理機能も充実しており、名前・評価・撮影日・保存期間を登録し、通知機能によって保存期間が近づくと知らせます。このサービスを使えば、鮮度の高い食品を選び、よりおいしく栄養価の高い食事を作ることができます。IoT機器とスマホアプリの組み合わせにより、食品管理の手間を軽減し、食品の安全性を向上させます。食品の新たな未来を切り拓くこのサービスのブースをぜひご覧ください。,,,
バイキー,鍵かけるのひよってる方はいらっしゃいますか？,"どの自転車でもチェーンなどの鍵をかけた方が盗難などの被害に合う可能性が少なくなりますが、
ママチャリなどの自転車は鍵が元々ついているから大丈夫と思っている方が多いので余裕のある方はぜひつけてみてください。","自転車用のワイヤーロックで、スマホで鍵の開閉やアラーム機能が備わっています。
ターゲットは自転車を所有している方で、特にロードバイクなどの値段が高いバイクを所持している方です。
他の商品との差別化は、ワイヤーを無理やり外そうとするとアラートが鳴り、所有者の携帯に通知が行く機能です。
力を入れた部分は機能の多さと使いやすさのバランスです。機能を多いと便利ですが使いにくくなるので、シンプルかつ便利な機能、差別化を頑張って考えました。
",,,
Me守るくん,悩みを抱えているあなたへ。その悩み、解決します。,学生生活で悩みを抱えているあなたへ。悩みにあったカウンセラーがあなたを待っています。一緒に解決していきましょう。,悩みを抱えている学生をターゲットに、学生向けの匿名オンラインカウンセリングサイトを作成しました。このサイトは、匿名で利用することができるので気楽に学生が利用することができます。力を入れた部分は、オンラインでチャットや通話、ビデオ通話から選択することができ、自分にあったカウンセリング方法を選ぶことができます。さらに、様々な得意分野を持っているカウンセラーがいるので自分の悩みにあったカウンセラーとカウンセリングをすることができます。このサイトは、利用することによって現在相談したくてもできていない学生に悩みを解決する機会を与えることを目的に作成しました。,,,
車用ディフューザー,好みのタイミングで香るディフューザー,車に乗る人に向けた嗅覚の順応してしまった嗅覚を取り戻す,同上,,,
RewardBox,毎月の積み立てが贈る、特別なプレゼントを,"自分へのご褒美を毎月の積み立てで誕生日に特別なプレゼントを。
あなたの日常を彩る魅力的なサブスクリプションの詳細をお伝えします。","私たちは、20代から30代の皆さんに向けて、自己投資と喜びを融合させた特別な企画をご提供しています。当サイトでは、毎月少額の貯金を積み立てながら、自分へのご褒美を満喫できるサブスクリプションを提供しています。

あなたの誕生日には、厳選された特別なプレゼントがお手元に届きます。

当サイトの強みは、あなたが自分自身を大切にする時間と予算を有効に活用できる点です。月々の貯金がコツコツと積み上げられ、誕生日を迎える頃には、心から喜びを感じる特別なプレゼントがあなたを待っています。

私たちは、品質の高いアイテムやサービスの選定に力を入れており、あなたのニーズやライフスタイルに合った豊富なバリエーションを提供しています。また、登録や支払い手続きは簡単で便利ですので、ストレスなくご利用いただけます。

ぜひ私たちのブースを訪れて、あなた自身への特別なご褒美を見つけてください。素敵なサプライズと心地よい驚きが、あなたの日常をより豊かに彩ります。私たちと一緒に、自己投資と喜びに満ちた旅に出ませんか？",,,
イベント仲介サイト,あなたの得意は誰かの不得意！もちもちマッチング,"ハッカソンなどのイベント参加時に
「自分の技術を活かしたい」や「○○が得意な人が欲しい」
などの悩みはありませんか？
そんな悩みを解決するサイトです","自分が苦手な技術を得意とする人を探したいという思いから
このサイトを作成しました。

この作品の魅力は、サイトを利用することで、互いの強みを生かし
作品のクオリティを向上させることができます。
また普段関わらないエンジニア同士で出会い、同じ開発を進めることで、
お互いの実力を高め合う事も出来ます。

そして、サブ機能としてこのサイトを通じて制作した作品を投稿し、
いいね機能やランキング機能でお互いを評価し合うことで制作に対する
モチベーションアップにも繋げることができます。",,,
SAFEMEDBOX,薬の正しい服用をあなたに,"薬の飲み忘れや飲み間違いをなくし、正しい服用をサポートする箱です。
ユーザーに服用登録をしてもらうことによって、個人にとって適切なタイミングで服用をアシストします。","１日の時間帯によって薬が分けられているため、適切なタイミングで服用を促します。
特に高齢のユーザーに向けて開発されました。認知症になったとしても箱は特定の時間までロックされているため、時間外に薬を服用することを防ぎます。
特に使用感にこだわり、ターゲットのための使いやすいUIにこだわりました。",,,
Synky,教務課ニッコニコ＾＾,ECCの全校舎の鍵をこのSynkyを使うことによって、一括で開けることによって教務課の人たち大幅な時間短縮が見込めます。,"このアプリケーション「Synky(シンキー）」の中の一つの機能、部屋の開閉状態の確認です
自習でこの部屋使いたい！とおもっていったものの鍵が閉まってて空いていない！
その悩みはこのシステムで解決です。アプリケーション一つで生徒も先生も確認することができます。
そしてこの開発でのメインの機能！
力を入れたのは低予算・低作業・簡単操作！
設置していただき、簡単な設定をするだけで、いままであれほど時間のかかった
朝のドア開けが、いろいろな校舎の行き来や昇り降りをすることもなく
たったワンボタンで！終わらせることができます...
しかも一部教室はドアの開け以外にも締める作業、そして窓の鍵閉めにも連動しています！
居残りしたい生徒も、すぐに帰りたい先生にも配慮したこれ以上ない時短です...
僕たちは今まで教務課の先生の皆さんが毎朝必死に鍵開けをしているのを見て
心には感謝、そして心が痛かったです。僕たちは教務課の先生を楽させたいその思いで
このアプリを作ってまいりました。
僕たちの開発した「Synky」はいかがでしょうか？",,,
Navi Station,「もう駅内で迷わない！簡単に目的地へ！」,"複雑な駅内での移動に戸惑い、不安になった経験はありませんか？
そんな時に、このアプリを使えば、動画でのルート案内により
円滑な移動が実現できます。
","このシステムは、動画で駅内を案内するもので、駅で迷いやすい人、駅に初めて訪れた人、
外国人観光客に向けたシステムになっています。
このシステムの強みは、入力操作を必要とせず、ボタンだけで簡単に目的地までのルートを
検索することができます。
本システムを利用する駅は、大型駅を想定しており鉄道会社の協力のもとにシステムを運用して行こうと考えているため、このシステムを導入することにより、利用ユーザーには動画によるルートの案内、鉄道会社側には、道を尋ねる人が減ることで人員の削減ができ、人件費削減にも繋げることができます。そして、利用者の利便性が上がる上、安心して駅を利用できるため人が増え、収益アップにもつながるメリットがあると考えています。",,,
ドアノックアラート,「手軽にどこでも対応、インターフォンの未来」,「ドアノックアラート」は、インターフォンの未来を切り開く革新的なシステムで外出先でも宅配や訪問者を見逃さず便利さと安心を提供します。,"「ドアノックアラート」は、よく宅配を利用する人におすすめのシステムです。
従来の方法では外出中に宅配や訪問者に気づくことができませんでしたが、この「ドアノックアラート」を使用すれば手軽に対応できます。
外出先でもスマートフォンやタブレットでリアルタイムな通知が届き、再配達手続のストレスを軽減することができます。
さらに、従来のインターフォンにも後付けで導入することができるので、工事をする必要がありません！
忙しい現代人の生活スタイルに合わせた便利さと使いやすさを追求した「ドアノックアラート」で外出先でも宅配や訪問者に対応しましょう！
現代人の時間と労力を節約する革新的なシステムをぜひご覧ください！",,,
給料ワンちゃんアップ,皆若くして金は稼ぎたくねーか！稼ぎたいよな！,"バイトをしていて自分より働かず同じ給料をもらってる人にイラつきませんか？
そこで頑張れば頑張った分だけそれがポイントとなり同じバイトでも給料に差を付けられるものを作りました。","店長側で新規登録をして、登録出来たら評価をする側か、しない側かでする側なのであれば店長側のページでしない側であれば、バイト側に。
店長側がポイントが入る項目を複数だし、バイト側はクリアした項目をチェックし、店長側に申請をしてokの場合ポイントを付与しポイントが加算され一定のポイントがたまればそのポイントを使って時給を上げることが出来る。
noならば付与しない。
される側はログインして自分のポイントや給料を確認できる。",,,
フレンダー,友達と気軽に予定を組めるWebカレンダー,友達と予定を組む時面倒だと思ったことはないですか？しかし、このカレンダーを使えばそんな面倒とおさらばです！,"ターゲット:高校生〜大学生
コンセプト:友達との予定を気軽に組めるWebカレンダー

このカレンダーでは、予定を組みたい友達でグループを組み予定を共有することで、空き日を抽出し各人に確認をとることなく気軽に予定を組むことができます。
さらには、個人用のカレンダーとしても使用でき、グループで予定を共有する時はなんの予定が入っているかは見えないようになっています。誰とどれだけ遊んだかやどこに何度訪れたなんかもみることができます！",,,
自動カーテン,皆さんと考えて、雨を降るの時、家にいなければ、どうやって　服を取り入るのか。そのために自動カーテンを作ります,自動カーテンでは　雨センサーをつかって、情報をESP32送って、カーテンを閉めたりかけたりすることができます、ESP32を使ってmotorを制御します、将来でいろいろなセンサーを付けて、機能をたくさん入れるようにがんばります,"
これは、忙しい主婦を中心としたあらゆる人を対象とした自動カーテンで、例えば市場に買い物に行ったり、仕事に行ったりするときに、突然の雨でシャツがズボンに濡れてしまって大変です。 そこでこの問題を解決するためにこの製品を開発しました
この自動カーテンの特徴は、雨が降ると雨センサーにより自動的にカーテンを引いて回収できることです。 同時に、LINEアプリから情報を受信するためのソフトウェアも開発中です。これにより、特定の天気予報情報を携帯電話に送信したり、自動ブラインドを遠隔制御して、状況に応じてブラインドを閉めたり、カーテンを開けたりすることができます。ユーザーの裁量。",,,
OFFROCafe,お風呂上がりに冷たいコーヒーの一杯を,お風呂上がりの火照った体に冷たいアイスコーヒーの一杯を飲んで日々の疲れを忘れ、充実とした時間を過ごしてほしいそんな店舗になっています。,この作品はお風呂上がりにアイスコーヒーを飲んで楽しみたい。そんな人に向けて作った作品です。,,,
ハシッター,一人でも運動をするモチベーションを下げない,運動状況を友達にシェアして一人で運動をしているという孤独感を減少させ一人で運動をなどを続けることができない人に向けたサイトです。,"運動に特化したSNS「ハシッター」は、一人で運動を始めるものの3日坊主になってしまう人向けのサイトです。このサイトでは、運動状況を友達とシェアすることで、承認欲求を満たすことができます。友達からのリアクションをもらったりすることで、自己肯定感を高めることができます。また、友達の投稿を見ることで自分も頑張ろうと思い、運動に取り組むことができます。
ハシッターでは、運動量を数値で可視化することができます。これにより、自分の運動の進捗状況や成果を見ることができます。数値でモチベーションを維持することができるため、継続的に運動に取り組むことが可能です。",,,
棚友,食品ロスを減らし、自炊を楽しみ、棚友で始めよう！,棚友と共に、食材管理の未来を切り拓こう。賞味期限からレシピまで、キッチンを革新するサポート機能。さあ、詳細を知りたくないですか？,棚友 - 食材管理の未来がここに。私たちがお届けするのは、革新的なシステムです。棚友は、食材の賞味期限を元にした管理アプリで、キッチンをサポートします。賞味期限の一目瞭然なカレンダー機能や、全体的な食材の捜索が可能な倉庫機能など、私たちの強みを活かしています。さらに、レシピ機能では新規レシピの発見や管理、ショッピングカート機能では買い物リストの簡単管理も可能です。私たちの力をいれた部分は、食品ロス削減への取り組みです。未来の地球を考え、食材を有効活用するために、棚友を通じて自炊を楽しくサポートします。ぜひ、ブースを訪れて詳細をご覧ください。棚友があなたのキッチンを革新する様子を体感しましょう。,,,
ZZZFRIENZ,睡眠時間につながる・あそぶ,君の睡眠時間をゲーム内ポイントに変換し、そのポイントでマイキャラをお世話しよう！,10代~20代の寝る前のSNS利用による睡眠不足を解決。アプリユーザの睡眠時間中、他アプリユーザとのマッチングで生じたポイントでマイキャラにお着換えさせたりマイルームの模様替え等お世話が出来ます。SNSでも、睡眠時間でも「繋がる」新感覚の睡眠改善アプリケーションです(Android向け),,,
棚友,食品ロスを減らし、自炊を楽しみ、棚友で始めよう！,棚友と共に、食材管理の未来を切り拓こう。賞味期限からレシピまで、キッチンを革新するサポート機能。さあ、詳細を知りたくないですか？,棚友 - 食材管理の未来がここに。私たちがお届けするのは、革新的なシステムです。棚友は、食材の賞味期限を元にした管理アプリで、キッチンをサポートします。賞味期限の一目瞭然なカレンダー機能や、全体的な食材の捜索が可能な倉庫機能など、私たちの強みを活かしています。さらに、レシピ機能では新規レシピの発見や管理、ショッピングカート機能では買い物リストの簡単管理も可能です。私たちの力をいれた部分は、食品ロス削減への取り組みです。未来の地球を考え、食材を有効活用するために、棚友を通じて自炊を楽しくサポートします。ぜひ、自炊をする方々や食品ロス削減に関心を持つ人たちにご利用いただき、ブースを訪れて詳細をご覧ください。棚友があなたのキッチンを革新する様子を体感しましょう。,,,
春夏秋冬スピーディーなご飯を決めるサイト！！,春夏秋冬スピーディーなご飯を決めるサイト！！,みなさん、お昼休みに外食するときに、今日なにくおうか、迷ってしまって、貴重な昼休み時間をつぶしてしまうことありませんか？このサイトで解決できる。,"お昼休みに、外食をするときに、今日なにくおうか、迷ってしまって、貴重な昼休み時間をつぶしてしまったり、毎回同じ店で同じご飯食って飽きてしまう人に向けて、グルメAPIを使って、作ったサイトです。
最初にジャンル、予算、検索範囲の決まりがあるのでしたら、それを決めてから検索ボタンを押して、何も決まってないのでしたら、そのまま検索ボタンを押しても大丈夫です。それから絞られた店の中、ランダムに一つ店が出てきます。
これで迷わず昼ご飯を早めに決められます。",,,
SamuraiFit,運動の楽しさを毎日の習慣にしましょう!!!!!!!!,"運動を日々の生活に取り入れたいけど、何をすればいいかわからない。
運動を始めてもすぐにやめてしまう。そんな方に朗報。samuraiFitではあなたの運動習慣をサポートします。","誰でも簡単に運動を習慣化できるアプリケーションです。　ターゲットは20代後半から30代前半の社会人です。学生生活を終え、運動する機会が中々無い人に向けて作成しました。
特に力を入れたのはロードマップ機能であり、ゴールまでの途中のポイントを作成することでコツコツ続けることができます。",,,
CAA,緊急の判断、迅速かつ確実に。救急車コールサービス,救急車の適切な利用が、大切な人や自身の命を救います。信頼のWEBサービスがあなたに正しい判断を提供し、安心と助けを届けます。,"「CAA」（call an ambulance ）は、救急車の適切な利用を促進するためのWEBサービスです。このサービスでは、緊急時の状況を的確に判断し、救急車の派遣が本当に必要か判定することができます。

このWEBサービスでは、消防庁が公開している「救急車利用リーフレット」を活用して作成した信頼性の高い質問を使用しています。ユーザーはこれらの質問に回答し、その結果に基づいて、救急車の派遣が適切かどうかを判断します。

また、質問の回答から簡易的な問診票をPDFで出力することで、より迅速に緊急時に対処できるようになります。

私たちの目標は、不適切な救急車の利用を撲滅することです。
「CAA」を通じて、命を救うための迅速で的確な判断をサポートします。
",,,
賞味期限管理サービス,この世の食品すべて管理!?　賞味期限管理サービス,"新鮮な食材で健康と安全をサポート。食品の鮮度を見逃さず、食品ロスを減らしてくれる!
あなたのスマホでいつでもどこでも鮮度チェック!",「Aチーム、食品の鮮度を見逃さず、健康と安全をサポートする革新的なサービスです。私たちは、食品の賞味期限を的確に管理し、ユーザーの食品ロスを削減することに力を入れています。チームAは、主に忙しい現代人や家庭、一人暮らしの学生に向けて設計されており、食品の安全性と品質を最優先に考えています。当サービスでは、ユーザーは自分の冷蔵庫や食品ストックを商品に貼られているQRコードで管理し、賞味期限の迫った食材に関するアラートや提案を受けることができます。また、チームAはAI技術を活用して、食材の最適な保存方法やレシピの提案も行います。私たちは、使いやすさと実用性に重点を置き、ユーザーがより効果的に食品を管理し、健康的で持続可能な食事を楽しめるようにしています。Aチームのブースを訪れ、食品の鮮度と健康への取り組みを体験してみてください。」,,,
helpkansai,あなたの旅行をサポートします,実際に旅行をして場所がわからなかったときや、もう少しその場所について知りたいと思ったことはあると思います。今はいろいろなマップがあるとは思いますが、実際に詳しい人から聞いた方がいろいろな事を聞けるかと思い制作をしました。,"旅行者向けに作ったもので現在は関西圏のみですが、観光したい場所やどこに何があるかを知りた　　　　　　　　　　　　　　　　　　　　　　　　い方向けにお勧めのサイトとなっています。
機能面としては、まず最初に使用者側であるユーザー登録と案内側のガイドの登録の登録後、地域を選択する画面に飛び、それぞれの地域に応じたガイド一覧が表示され自分に合ったガイドを見つけることができます。
ガイド側は登録時に自分の案内できる地域、国籍、話すことができる言語を登録しているので、
海外の方でも自分の言語に合わせた選択が可能です。
連絡手段は気になるガイドをクリックすることで、プロフィール画面に飛ぶのでそこからinstagramとLINEのアイコンに飛んで個々で連絡を取り合う形です。",,,
青い猫,もう、絶対大切なものを忘れない!!!,簡単にQRコードを利用して落としってしまった物の現在ある場所（コンビニなど）を分かれるプログラムです。,よく忘れ物や落し物をする方に目指して作っております。アカウントを簡単に作成する事でユニックなQRコードを手に入れ、荷物に貼るだけで無くした場合全国のコンビニでそのQRコードをすかんするだけで場所を自動的にお知らせします。,,,
自動カーテン, 雨の時の衣服取り込みを支援する自動カーテン,"雨センサーとESP32を使用した自動カーテン。
モーター制御で開閉し、将来的には機能拡張を目指す。","この製品は、忙しい主婦を中心にしたあらゆる人を対象とした自動カーテンです。例えば、スーパーに買い物に行ったり、仕事などで外出している際に突然の雨で洗濯物が濡れてしまうと大変です。そこで、この問題を解決するためにこの製品を開発しました。

この商品の特徴は、雨センサーによって自動的にカーテンを降ろして衣服を保護できることです。さらに、LINEアプリから直接開閉できるアプリケーションも開発中です。
これにより、スマートフォンの画面で事前にカーテンを閉めることができます。",,,
努力で給料を上げたい,頑張りを結果につなげよう、未来のために！,"バイトをしていて自分より働かず同じ給料をもらってる人をどう感じますか？
そこで頑張れば頑張った分だけそれがポイントとなり自分に返ってきます。","店長側で新規登録をして登録出来たら評価をする側か、
しない側かで、分かれている。
する側なのであれば店長側のページ。
しない側であれば、バイト側に。
店長側がポイントが入る項目を複数だし、バイト側はクリアした項目をチェックし、店長側に申請をしてokの場合ポイントを付与しポイントが加算され一定のポイントがたまればそのポイントを使って時給を上げることが出来る。
noならば付与しない。
される側はログインして自分のポイントや給料を確認できる。",,,
フードロス対策商品管理システム,お皿から繁栄へ、食品ロス防止システムが風味を守り、未来を救います！,食品ロス防止システムが食の未来を守る！驚異的な効果で廃棄物を削減し、持続可能な社会へ導きます。食品を無駄にせず、世界中の人々に満足感と豊かさを提供します ,私たちのチームは食品ロスを防ぐため、中小企業向けの商品管理システム作りました。操作するユーザは4つに分けています。一般ユーザ側、ストア側、会社側、や管理者側です。操作の流れとして、最初はストア側(弁当屋、喫茶店)からもし賞味期限に近い食品があっていたら廃棄会社に報告し、取集します。その後、会社のウェブにおいて一般ユーザに売り出しますか、会社の店舗に販します。機能として、ウェブサイトをフレキシブルにしていきます。そうでしたら、パソコンでも、スマホでも、タブレットでも見やすくして情報をわかりやすくしていきます。,,,
HANDS CONNECT,皆の様子を共有できる ボランティアコミュニティシステム,"誰かが投稿したボランティアの様子をみてあなたが興味を持ってくれたなら、
あなたが投稿したボランティアの様子をみて誰かが興味を持ってくれたなら、
","参加するための心理的ハードルが高い
ボランティア活動に関する十分な情報がない
参加するメリットがない
などの学生たちがボランティアに参加しない理由を解決すべく生まれたサイトです。
ボランティアを募集する側だけでなく実際に参加してくれた人たちに実際の様子の写真と感想を投稿してもらうことでもっと身近にボランティアを感じてもらいたいと思っています。
また、ポイント制度を導入しました。
ポイントを多く獲得したユーザーはオーナーのページの参加者を表示する機能で上位に表示されたりなど、サイト内での優遇があります。
またこのポイントは実績を見える化したものなので面接などで根拠として使うことが出来ると考えています。
",,,
Teachallenge,社会問題である中学教員の過酷な労働環境を救うアプリ！？,過酷なほど多い仕事量を教員内で協力してタスクを分散させて１人あたりの作業量を平均的に少なくして生徒に向き合う時間や残業を減らすことができる。,社会問題である教員の過酷な労働環境で特に注目されている公立の中学教員を対象にアプリを制作しました。仕事量を減らすために業務内容に目を向けて、このアプリで全体タスクと専門タスクなどと分けることでタスクをそれぞれに分散させることができ仕事量が減ると考えました。教員同士でも過酷さに気づき、助け合うためにもスケジュール、持ちタスクを見える化し、全体タスクを消化し切るまで退勤できないという条件を付けて他人事にはならないようにしました。頑張りは評価されるようにタスクをこなせば貢献度が得られて全体に見られるため今までは気づかれなかった教員の頑張りを可視化する事ができる。,,,
MANE TABI,見つけて まねして カスタマイズ！  あなただけの旅づくり,"プランを立てずに旅行に行くと、旅先でゴタゴタしてしまう。
でも、1から計画を立てるのは苦手。
そんな悩みを「MANE TABI」で解決！","「MANE TABI」は、旅行前に計画を立てたいときに役立つアプリです。
他の人のプランをベースにしながら、自分に最適な旅行計画を練ることができます。

メイン機能として、
1. 行きたい場所、季節など条件を選択して検索
2. 参考にしたいプランを保存することも可能
3. 一番気に入ったプランを複製・編集
作成したプランを誰かに共有し参考にしてもらいたい人のために、自分のプランを投稿することもできます。

「MANE TABI」は自分の旅行スタイルや好みに合ったプランを作成するができ、より良い旅づくりの手助けをします！",,,
スケジュール管理アプリ,時間にルーズなそこのあなた、あなたにはこれを紹介しよう,予定の時間を守れなくて困っているなら、こちらの機能をおすすめします!この機能を使用すれば、予定の時間に間に合わせるようにできることができます!!,"このアプリの機能については、主に時間に関しての機能内容です。様々な機能によって、あらゆる時間に関するサポートを行うことができるものになっています。
ターゲットとしては、若年層(新入社員)をターゲットにおいて作成しました。理由としては新入社員なら遅刻・予定の時間に間に合わないという不安などがあると思います。その不安を解消するために作成をしました。この機能の強みとしては、あらかじめ予定を作成しておき、その後自分が入れたいよていがあれば追加・削除することができ、さらに1か月、1年にも延ばせる予定です。これだとどこにでもある機能だと思われますが、この機能での違いはさまざまなオプションがあります。ぜひお越しください!",,,
cooklife,生活を豊かに！,一人暮らしで買ったものばかり食べている方に、自炊の手助けと栄養バランスの管理を補助するアプリ,"一人暮らしや自炊をしていない方、買ったものばかりを食べている人に、自炊の手助けと栄養バランスの管理をします。日ごとにカロリーの摂取量を管理してどんな料理をどれだけ取ればいいのかを提示します。そしてそれにあった買い物リスト、レシピを表示し料理のアシストを行います。
できる限り入力を減らしたので操作が簡単です。",,,
大貧困！！節約くん！,節約くんをあなたのスマホに宿し大金持ちに！！,形而上学的な存在の節約くんが、スマートフォンを介する事で人類でも可視化することが出来る様になります。節約くんは感情のコントロールが苦手なので、ユーザーはしっかりと支出を管理し節約くんを怒らせない様にしましょう。,節約くんと共に！素晴らしい節約LIFEを!!!!!!!!!!,,,
MOOD MAKER,指定のポーズでライトの色が変わる！,腕にM5Stickをつけ、Aボタンを押した後、２秒以内に自分の気分に合っているポーズをすると、その気分に合っている色に光ります。,このムードメーカーは、リラックスしたり、夜の暇なときなどの一人時間をさらに充実させるべく、開発されました。こちらのアイテムは、自身の気分に合わせてLEDを光らせることができます。仕様は、腕に装着するM5Stickに加速度センサーがついており、正面のボタン（Aボタン）を押した後、ポーズから傾きをとり数値でパターンを判別、ESP32（LED側のマイコン）にBluetooth通信でデータを送信して、LEDの色を変えたり、消したりすることができます。LEDのパターンは、悲しい、嬉しい、パーティモードの３種類＋消灯です。また、M5Stick側の画面も色に合わせて切り替わるのも魅力です。,,,
★小さな海のパレード★,わくわく！きらきら！見て聴いて楽しめる作品！,"すぐに飽きてしまう子どもの興味を引くかわいいものが欲しい！
そんなあなたにおすすめ！
気分によって雰囲気を変更できる素敵なインテリア！
","ボタン一つで気分によって装飾を制御できるシステムです！小さいこどもに向けた作品です！
見た目が可愛く、音楽も流れるので、かわいいインテリアになります！
また、ライトがカラフルに光って、映像が動き、楽しい音楽が流れるので、興味を持っていただける作品です！
実際に外部イベントでは子どもに興味を持ってもらうことができ、水槽の前に張り付いてくれている子もいました！そのぐらい可愛い作品です！
特に力を入れた部分は装飾で、魚や貝殻の絵を描いたりするのではなく、デフォルメされた実際の人形を配置し、貝殻や木などで海と陸を表現しました！そのため、立体感のある作品となっています！また、映像でもかわいいお魚たちが泳ぐという細部までこだわったので、ぜひご覧ください！",,,
Mamoroくん,いつでもどこでもMamoroくん！あなたの大切なモノを守ります！,財布や鍵、よく迷子になってしまうお子様や認知症による徘徊が心配なお年寄りの方など、あなたの守りたい“物”や“者”を守ります。,"気を付けていてもついつい忘れ物をしてしまう人や、小さなお子様、認知症の方の家族などに向けた作品です。
作品概要…腕に着けた親機と大切なモノに着けた子機が離れたら、親機の画面とLINEの両方で通知します。また、探しても見つからないときはボタンを押すと、子機から音が鳴ることで位置を知らせます。
強み…操作は３つのボタンのみでとてもシンプル。使い方の幅広さと、使い易さに優れています。
力を入れた点…親機の画面とLINEの２つで通知をすることで、すぐ忘れ物に気が付くことができるようにすることと、見た目のコンパクト・シンプルさの２点に力を入れました。",,,
うごく！しゃべる！ニャリオット！,うごいてしゃべる、知育用の猫型ロボットです,ミニゲーム、ラジコン、自由走行の３つの機能を搭載しています。NFCカードとDS4コントローラーを使って、ニャリオットと楽しく遊ぼう！,"猫、飼いたいですよね？
でも飼えない……小さなお子様がいらっしゃるですとか、そもそも賃貸でダメなんですとか……。そんなあなたにこちら！　猫型ロボットニャリオットです！　IoT部のマスコットキャラクターを作品化しました。NFCカードを使ってミニゲームを遊んだり、DS4コントローラーを使用してラジコンとして動かしたり。でも、皆さん、自分で動かせちゃうなら、それって猫じゃなくない！？　そう思った方も多いのではないでしょうか？　ご安心ください！　自由走行機能も搭載しています実際にイベントで展示したところ小さな子供たちに大人気でした。ぜひ見に来てください！",,,
親フラ感知,親フラなどの「家族が突然入ってくる」問題、これで解決！,親フラによって「実は『パパママ』呼びなのが通話中の友達にばれる」「ゲーム中なのに邪魔をされる」といった悩み、解決したくありませんか？,"「ゲーム中、通話中などに親が突然部屋に入ってくる」
「自分がいない間に家族が勝手に部屋に入ってくる」
など、「部屋に入られる」問題はこれ一つでOK！

誰かが近づいてきた時…
誰かが扉を開けたとき…
その時、自分のLINEに通知が届く！

自分がどこにいても！
常に！
簡単に！
部屋を監視！

警報ブザーや回転灯も搭載！
部屋の中にいる時の自分への通知方法として使うもよし、
勝手に入ってくる家族への嫌がらせに使うもよし！

こっそりと「パパママ呼び」していることが通話中の友達にばれることも！
音楽を聴いていて誰かが部屋に入ってきても気づけずびっくりすることも！
これを使えば、すべて解決！",,,
麻雀先生,遊ぶだけで勝率UP！麻雀AIの打牌サポート,"麻雀上級者の対局を学習したAIがあなただけの先生になり、打牌時にレコメンドをしてくれます。
レコメンドを参考に遊ぶだけで麻雀が上達します。","このシステムは麻雀の上達を目指す方々に向けて開発しました。上級者の対局データを学習したAIは自ら思考して最適な打牌を導き出すことができます。それを目安に対局を行い、効率的な打牌の基礎を学ぶことは麻雀上達の近道となります。
モデルの作成には教師あり学習を用いています。これにより上級者と遜色のない打牌を実現することが可能になります。そして、麻雀ソフトと結合することで、ユーザビリティの高いソフトウェアとして完成しました。
さらに、オープンソースとして提供されているため、麻雀の戦術やAIの理解を深めたい方はAIの内部を覗いて学ぶことや、自作のAIを搭載することなど、ユーザのニーズに合わせてカスタマイズ可能です。
",,,
トラベルメイト,手ぶらで旅行ができる!？未来の旅のパートナー,"トラベルメイトで未来の旅行を体験出来ます！
荷物をパートナーに預けて自動追尾システムと音声対話システムにより快適で楽しい旅を実現しました。","ご来校ありがとうございます。
ところで、その手荷物ちょっと重くないですか？
その荷物が自動で付いて来てくれたら楽ですよね。

そこで、キャリーケースをスマート化しました。
このトラベルメイトは、自動追尾式で荷物を筐体に置くことで持つ・引くといった手間を省き紛失防止機能が搭載されている為荷物の置き忘れ防止も出来る旅のお供になります。
一人旅の場合でも移動時や待ち時間などでChatGPTを使った対話機能もあり旅を楽しめます！
今回、数多あるマイコンを採用し、その連携に苦労しました
そして、学年が違う五人がIoT部を通してチームを組んで一丸となり筐体の設計と加工を行いました。
テックシーカーハッカソン2023にて入賞した作品をぜひ見に来てください。",,,
自律性のあるMMOゲームサーバー の実現：HAとIaCによりクラウドプラットフォームの構築 ,高可用性と自律性を追求、最適なMMOゲームサーバー構成,高性能なMMOゲームサーバーの構築を目指し、高可用性と自律性を組み合わせた新たなアプローチを探求。障害対策からリソース管理まで、最適化されたサーバー環境を実現します。,"この研究は、大規模多人数同時参加型オンラインゲーム（MMO）サーバーのための高可用性と自律性を追求した新たなインフラアーキテクチャの開発を目指します。MMOゲームサーバーには大量のリアルタイムのユーザーをサポートする高いスケーラビリティと耐障害性が必要です。本研究では、これらのニーズを満たすための新たなアプローチを提示します。
",,,
しゃべる！　ニャリオット！,生意気かわいいべりーきゅーとなニャリオットとおはなししよう！,ニャリオットとはIoT部のマスコットです。我々思いました。彼とおはなししたいと！そこで、しゃべれるぬいぐるみをつくりました。ぜひ見に来てください,"IoT部のマスコットキャラクターの猫ちゃん、ニャリオットとおはなししできるようになりました！　あみぐるみの姿の彼に話しかけると会話ができます。あなたの楽しかった思い出を話したり、誰にも話せないような悩みや愚痴を聞いてもらったり。彼はあなたのことを嫌いにはなりません。安心しておはなししましょう。
誰かとおはなししたいけど、人と話すのが苦手な方。一人でいるのが寂しい方。猫が好きな方。そんな人たちのためにつくりました。かわいさには自信があります！　彼の人格形成にはこだわりました。わたしたちのつくった「かわいい」ニャリオットをぜひ見に来てください。",,,
meecha,ふとした時に思わぬ友達に会えるアプリmeecha!!,もし友達が偶然同じ場所に居たのならば会いたいと思いませんか？ただ、どこにいても位置情報を共有するとなるとプライバシーが…と思う方いますよね？そんな問題を解決しました！,"meechaという名前はmeet by chance(和訳：偶然会う)を略して作りました。ターゲットは今学校に通う学生さん！皆さん、昔(中学時代など)の友達と会えるとなればうれしいと思います。今いるコミュ二ティでアプリを使用し数年たった後も旧友と会えるメリットがあります。
具体的な機能としては友達間でフレンドになり、通知範囲を設定すると自分がいる場所の範囲内にフレンドがいると通知され、どこにいるかマップで知らせてくれます。使用用途は偶然同じ場所に居た時と普段使い用として待ち合わせ場所で他の事をして相手を待っている時や、相手が近付いた時通知され、いつ頃来るか把握できます。",,,
起床点結RTA,起きてタッチでRTA！ 家族とタイムを競い合おう！,"毎日2度寝をしてしまう、楽しい朝を迎えたい、そんなあなたに必見です！
1日の始まりを、全力ダッシュで楽しみませんか？","このアプリは、毎日起きるのが楽しみになるゲームアプリです。
名前がついた5つのNFCタグを、家のさまざまなところに設置します。
アラームが鳴ると、画面に表示された順にNFCタグをタッチしていき、最後のタグをタッチするとRTAが終了します。
このアプリには同居家族との対戦機能があり、ランキングを更新するとポイントが付与されます。貯まったポイントでガチャを回し、入手した景品でアプリをカスタマイズすることも可能です。
また、キャラクターがその日の天気を教えてくれます。
サポーターズ主催の京都キャラバンハッカソンで優秀賞、渋谷で行われた技育キャンプアドバンスでは副大賞を受賞した作品です。
楽しい朝を迎えたい人、二度寝をしてしまう人に、ぜひ使っていただけたらなと思います。",,,
Hobby Links,HOBBYLINKS は　同じ趣味興味を持つ人々のための、対面およびオンラインの活動 イベントを主催、組織するためのプラットフォームです。,HOBBYLINKSの世界へようこそ。趣味を通じて繋がり、豊かな体験を共有。新たな趣味の扉を開きませんか？,"「HOBBYLINKS」は、同じ趣味や興味を共有する人々のためのプラットフォームです。対面およびオンラインの活動やイベントを主催、組織する場として、趣味仲間との交流と新たな発見を実現します。このプラットフォームは、趣味に熱中する人々に向けてデザインされており、様々な趣味カテゴリーから興味深いイベントを提供します。

私たちの強みは、共通の趣味を通じてコミュニケーションを促進し、新しい友達や仲間を見つけるチャンスを提供することです。対面イベントでは、同じ興味を持つ人々と直接交流しながら、楽しい時間を過ごすことができます。オンライン活動も豊富で、地理的な制約を超えて世界中の仲間とつながることができます。

私たちは参加者の体験に重点を置いており、専門的なイベント運営やコミュニティのサポートを通じて、楽しさと満足感を提供します。趣味の情熱を共有し、新たな視点やアイデアを得る場として、「HOBBYLINKS」はあなたの趣味ライフをより充実させる場所です。私たちのブースに是非お越しいただき、趣味仲間との素晴らしい体験を共にしてください。",,,